user_id,email_address,creation_date
"00g4p@m1.co.uk",,"2006-07-08"
"6f@6w.co.uk",,"2004-11-12"
"0xvf","dz@dw.com","2003-08-17"
"2a8","o4lgvl93403@0my.co.uk","2015-08-19"
"3q@k.co.uk",,"2010-07-13"
"p0@p97.co.uk",,"2010-09-03"
"5@j2.com",,"2019-03-27"
"n17","h@v7.com","2012-07-23"
"O5HaE","grx56l@42.com","2006-04-18"
"wgch","e@w7.com","2011-06-21"
"mivg@okgguc0rzsf89.co.uk",,"2003-01-31"
"8@2.com",,"2005-02-27"
"v@27ixol.co.uk",,"2007-12-18"
"8ol@4.co.uk",,"2010-01-30"
"VGP","fd33tu2@zw.co.uk","2010-11-30"
"v0@19rz4.co.uk",,"2014-05-17"
"81s","1k@0vz9.co.uk","2006-06-29"
"YU8U4","4o@3sjs1q7346.co.uk","2008-04-03"
"FoY","sio49hs@yd.com","2019-09-20"
"9@07.co.uk",,"2019-02-21"
"dz@640.com",,"2018-10-27"
"g4@d.com",,"2016-03-08"
"cix5@8.co.uk",,"2009-10-25"
"74@0tq.co.uk",,"2013-05-16"
"Y0d","l78680m6cq@wgn.com","2009-01-16"
"0@y17c.com",,"2018-12-25"
"H1J","9@r.co.uk","2016-08-01"
"65@fd.co.uk",,"2005-05-11"
"4@3f501chv.com",,"2019-07-02"
"78nl@g1.com",,"2019-01-27"
"l@j00zl.com",,"2006-06-27"
"24@80qx.co.uk",,"2017-07-31"
"AHY","3@3.co.uk","2008-06-21"
"FPWZ15","o5@i6.co.uk","2006-06-02"
"b@8b.co.uk",,"2011-09-10"
"788z3u@d10.co.uk",,"2004-04-22"
"phK","x09@3.co.uk","2019-04-01"
"p@9.co.uk",,"2017-08-24"
"f417C","f@peo.co.uk","2016-10-04"
"7@60hu.co.uk",,"2003-04-11"
"vf@n05w.com",,"2013-08-25"
"pPRJy","0d8u0@i8o58iz.co.uk","2015-07-12"
"33@od.com",,"2017-03-24"
"Gnn","1p@1fzn2688.com","2018-02-13"
"5955g70@e2t.com",,"2006-12-06"
"w3SU6oU3S2","07e4p7v@s3oi6.co.uk","2018-02-19"
"2@x.co.uk",,"2005-02-13"
"lDec5o","e@8g49s1.co.uk","2004-01-31"
"h@0i.co.uk",,"2013-09-03"
"8@w.com",,"2017-08-29"
"h4@e7.com",,"2013-01-28"
"A29E","5t@b.co.uk","2014-08-17"
"09xf","406@9.co.uk","2007-10-25"
"aWCw","c356@m.co.uk","2018-11-03"
"2Qrnh","57m@278ls3.co.uk","2018-11-10"
"v1ywut","7266@e00s.com","2006-10-01"
"A1O","6@8.com","2013-06-08"
"46DyQ","tu@1y.co.uk","2018-06-28"
"HSh","k@91e.com","2009-05-18"
"r@h.com",,"2015-12-04"
"zvj6","577@9q.co.uk","2009-12-14"
"i74","l@1.com","2003-07-30"
"jr@4120.com",,"2009-06-14"
"3h@5d3u.com",,"2007-02-09"
"0i@w4.co.uk",,"2006-07-02"
"k61uzad16@i.com",,"2011-03-04"
"pnt84@3xs.co.uk",,"2010-04-05"
"oxm73@85.co.uk",,"2016-05-27"
"iul7s@71vtw.com",,"2007-03-16"
"k@4.com",,"2011-09-22"
"f@s.co.uk",,"2017-03-21"
"3@w6d12.com",,"2006-01-09"
"3@3.com",,"2015-08-27"
"3wi@n.co.uk",,"2016-08-22"
"gqx8pf@y.co.uk",,"2017-07-06"
"c@5oj.co.uk",,"2015-08-14"
"4n@0ic3.co.uk",,"2008-07-24"
"0On","0w@4a.com","2015-10-14"
"FN19fdlh","8@rm22b.com","2006-06-09"
"k8R","s@4eo.co.uk","2013-01-12"
"e@0h.co.uk",,"2015-08-11"
"6w@z58njs8i81.com",,"2006-06-01"
"3n1x@93.co.uk",,"2003-03-29"
"9@v.co.uk",,"2005-07-31"
"ytCFRt","02@xc.co.uk","2013-04-14"
"2Iyn9","et@6.com","2011-10-24"
"5BK","y87uo@602340.co.uk","2018-08-13"
"95@g.com",,"2012-04-10"
"ai74","8h9@2.co.uk","2013-10-25"
"4pk8@3.co.uk",,"2012-11-12"
"852","b85@5upu.co.uk","2006-02-22"
"w1830@iumy1h21.co.uk",,"2003-01-07"
"7sDZH","73@km.com","2007-01-09"
"ShcmYlo0n6","o@i.com","2016-08-06"
"a@h76j.com",,"2005-10-24"
"qj7@vr.co.uk",,"2016-02-13"
"5fIo","4@v4bu1p.co.uk","2018-01-04"
"gNqy","0df75er3@6bi113.co.uk","2009-10-03"
"E531","88i17@9n.co.uk","2018-01-25"
"6o8@tju1b.co.uk",,"2010-07-05"
